{
    "empleados": [
      {
        "id": 1,
        "nombre": "Juan Pérez",
        "cargo": "Desarrollador",
        "salario": 55000,
        "salario_incrementado": 60500
      },
      {
        "id": 2,
        "nombre": "María Rodríguez",
        "cargo": "Analista de Datos",
        "salario": 60000,
        "salario_incrementado": 66000
      },
      {
        "id": 3,
        "nombre": "Carlos Gómez",
        "cargo": "Diseñador",
        "salario": 75000,
        "salario_incrementado": 82500
      }
    ]
  }